{
  "bottleneck_H0": 2.4937868118286133,
  "bottleneck_H1": 0.39459478855133057
}