{
  "bottleneck_H0": 1.9294527769088745,
  "bottleneck_H1": 0.28536415100097656
}